bus,direction,stop_index,stop_id
L1,1,0,10001
L1,1,1,10002
L1,1,2,10003
L1,1,3,10004
L1,1,4,10005
L1,1,5,10006
L1,1,6,10007
L1,1,7,10008
L1,1,8,10009
L1,1,9,10010
L1,1,10,10011
L1,1,11,10012
L1,1,12,10013
L1,1,13,10014
L1,1,14,10015
L1,1,15,10016
L1,1,16,10017
L1,1,17,10018
L1,2,0,10018
L1,2,1,10019
L1,2,2,10020
L1,2,3,10021
L1,2,4,10022
L1,2,5,10023
L1,2,6,10024
L1,2,7,10025
L1,2,8,10026
L1,2,9,10027
L1,2,10,10028
L1,2,11,10029
L1,2,12,10030
L1,2,13,10031
L1,2,14,10032
L1,2,15,10001
L10,1,0,10001
L10,1,1,10002
L10,1,2,10003
L10,1,3,10033
L10,1,4,10018
L10,1,5,10034
L10,1,6,10035
L10,1,7,10036
L10,1,8,10037
L10,1,9,10038
L10,1,10,10039
L10,1,11,10040
L10,1,12,10041
L10,1,13,10042
L10,1,14,10043
L10,1,15,10044
L10,1,16,10045
L10,1,17,10046
L10,1,18,10047
L10,1,19,10048
L10,1,20,10049
L10,2,0,10050
L10,2,1,10051
L10,2,2,10052
L10,2,3,10053
L10,2,4,10054
L10,2,5,10055
L10,2,6,10056
L10,2,7,10057
L10,2,8,10058
L10,2,9,10059
L10,2,10,10060
L10,2,11,10061
L10,2,12,10062
L10,2,13,10063
L10,2,14,10064
L10,2,15,10065
L10,2,16,10066
L10,2,17,10031
L10,2,18,10032
L10,2,19,10001
L11,1,0,10067
L11,1,1,10068
L11,1,2,10069
L11,1,3,10070
L11,1,4,10071
L11,1,5,10072
L11,1,6,10073
L11,1,7,10074
L11,1,8,10075
L11,1,9,10077
L11,1,10,10078
L11,1,11,10079
L11,1,12,10080
L11,1,13,10081
L11,1,14,10082
L11,1,15,10083
L11,1,16,10084
L11,1,17,10002
L11,1,18,10003
L11,1,19,10033
L11,1,20,10018
L11,1,21,10311
L11,1,22,10312
L11,1,23,10313
L11,1,24,10314
L11,1,25,10315
L11,1,26,10316
L11,1,27,10163
L11,1,28,125611
L11,1,29,125612
L11,1,30,125613
L11,1,31,125614
L11,1,32,125615
L11,1,33,125616
L11,1,34,125617
L11,1,35,125618
L11,1,36,125619
L11,2,0,125621
L11,2,1,125622
L11,2,2,125623
L11,2,3,125624
L11,2,4,125625
L11,2,5,125626
L11,2,6,125627
L11,2,7,125628
L11,2,8,125629
L11,2,9,10177
L11,2,10,10317
L11,2,11,10318
L11,2,12,10319
L11,2,13,10320
L11,2,14,10321
L11,2,15,10322
L11,2,16,10066
L11,2,17,10031
L11,2,18,10032
L11,2,19,10085
L11,2,20,10086
L11,2,21,10087
L11,2,22,10088
L11,2,23,10089
L11,2,24,10090
L11,2,25,10091
L11,2,26,10092
L11,2,27,10094
L11,2,28,10095
L11,2,29,10096
L11,2,30,10097
L11,2,31,10098
L11,2,32,10099
L11,2,33,10100
L11,2,34,10101
L11,2,35,10102
L12,1,0,10103
L12,1,1,10104
L12,1,2,10105
L12,1,3,10106
L12,1,4,10107
L12,1,5,10108
L12,1,6,10109
L12,1,7,10110
L12,1,8,10111
L12,1,9,10112
L12,1,10,10113
L12,1,11,10114
L12,1,12,10115
L12,1,13,10116
L12,1,14,10117
L12,1,15,10013
L12,1,16,10014
L12,1,17,10015
L12,1,18,10016
L12,1,19,10017
L12,1,20,10066
L12,1,21,10031
L12,1,22,10032
L12,1,23,10085
L12,1,24,10086
L12,1,25,10087
L12,1,26,10088
L12,1,27,10089
L12,1,28,10090
L12,1,29,10091
L12,1,30,10118
L12,1,31,10119
L12,1,32,10120
L12,1,33,10121
L12,1,34,10122
L12,1,35,10123
L12,1,36,10124
L12,1,37,10125
L12,1,38,10126
L12,1,39,10127
L12,2,0,10128
L12,2,1,10129
L12,2,2,10130
L12,2,3,10131
L12,2,4,10132
L12,2,5,10133
L12,2,6,10134
L12,2,7,10135
L12,2,8,10136
L12,2,9,10137
L12,2,10,10078
L12,2,11,10079
L12,2,12,10080
L12,2,13,10081
L12,2,14,10082
L12,2,15,10083
L12,2,16,10084
L12,2,17,10002
L12,2,18,10003
L12,2,19,10033
L12,2,20,10018
L12,2,21,10019
L12,2,22,10020
L12,2,23,10021
L12,2,24,10022
L12,2,25,10138
L12,2,26,10139
L12,2,27,10140
L12,2,28,10141
L12,2,29,10142
L12,2,30,10143
L12,2,31,10144
L12,2,32,10145
L12,2,33,10146
L12,2,34,10147
L12,2,35,10148
L12,2,36,10149
L12,2,37,10150
L12,2,38,10151
L12,2,39,10152
L12,2,40,10153
L13,1,0,10050
L13,1,1,10051
L13,1,2,10052
L13,1,3,10154
L13,1,4,10155
L13,1,5,10156
L13,1,6,10157
L13,1,7,10158
L13,1,8,10159
L13,1,9,10160
L13,1,10,10054
L13,1,11,10055
L13,1,12,10056
L13,1,13,10057
L13,1,14,10058
L13,1,15,10059
L13,1,16,10060
L13,1,17,10061
L13,1,18,10062
L13,1,19,10063
L13,1,20,10064
L13,1,21,10065
L13,1,22,10018
L13,1,23,10019
L13,1,24,10020
L13,1,25,10021
L13,1,26,10022
L13,1,27,10138
L13,1,28,10139
L13,1,29,10161
L13,1,30,10162
L13,1,31,10163
L13,1,32,10164
L13,1,33,10165
L13,1,34,10166
L13,1,35,10167
L13,1,36,10168
L13,1,37,10144
L13,1,38,10145
L13,1,39,10146
L13,1,40,10169
L13,1,41,10170
L13,1,42,10171
L13,1,43,10152
L13,1,44,10153
L13,2,0,10103
L13,2,1,10104
L13,2,2,10172
L13,2,3,10173
L13,2,4,10109
L13,2,5,10110
L13,2,6,10111
L13,2,7,10174
L13,2,8,10175
L13,2,9,10176
L13,2,10,10177
L13,2,11,10178
L13,2,12,10179
L13,2,13,10116
L13,2,14,10117
L13,2,15,10013
L13,2,16,10014
L13,2,17,10015
L13,2,18,10016
L13,2,19,10017
L13,2,20,10180
L13,2,21,10034
L13,2,22,10035
L13,2,23,10036
L13,2,24,10037
L13,2,25,10038
L13,2,26,10039
L13,2,27,10040
L13,2,28,10041
L13,2,29,10042
L13,2,30,10043
L13,2,31,10044
L13,2,32,10045
L13,2,33,10181
L13,2,34,10182
L13,2,35,10183
L13,2,36,10184
L13,2,37,10185
L13,2,38,10186
L13,2,39,10187
L13,2,40,10188
L13,2,41,10048
L13,2,42,10049
L14,1,0,10001
L14,1,1,10003
L14,1,2,10033
L14,1,3,10018
L14,1,4,10034
L14,1,5,10035
L14,1,6,10036
L14,1,7,10037
L14,1,8,10038
L14,1,9,10039
L14,1,10,10189
L14,1,11,10190
L14,1,12,10191
L14,1,13,10192
L14,1,14,10193
L14,1,15,10194
L14,1,16,10195
L14,1,17,10196
L14,1,18,10205
L14,2,0,10206
L14,2,1,10207
L14,2,2,10208
L14,2,3,10209
L14,2,4,10210
L14,2,5,10211
L14,2,6,10212
L14,2,7,10213
L14,2,8,10214
L14,2,9,10060
L14,2,10,10061
L14,2,11,10062
L14,2,12,10063
L14,2,13,10064
L14,2,14,10065
L14,2,15,10066
L14,2,16,10031
L14,2,17,10032
L14,2,18,10001
L15,1,0,10215
L15,1,1,10003
L15,1,2,10018
L15,1,3,10019
L15,1,4,10020
L15,1,5,10021
L15,1,6,10022
L15,1,7,10023
L15,1,8,10216
L15,1,9,10217
L15,1,10,10218
L15,2,0,10219
L15,2,1,10220
L15,2,2,10221
L15,2,3,10012
L15,2,4,10013
L15,2,5,10014
L15,2,6,10015
L15,2,7,10016
L15,2,8,10017
L15,2,9,10066
L15,2,10,10031
L15,2,11,10032
L15,2,12,10215
L16,1,0,10001
L16,1,1,10002
L16,1,2,10003
L16,1,3,10033
L16,1,4,10018
L16,1,5,10005
L16,1,6,10006
L16,1,7,10222
L16,1,8,10223
L16,1,9,10224
L16,1,10,10225
L16,1,11,10226
L16,1,12,10227
L16,1,13,10228
L16,1,14,10229
L16,1,15,10230
L16,1,16,10231
L16,1,17,10232
L16,1,18,10233
L16,1,19,10234
L16,1,20,10235
L16,1,21,10236
L16,1,22,10237
L16,1,23,10238
L16,1,24,10239
L16,1,25,10240
L16,2,0,10241
L16,2,1,10242
L16,2,2,10243
L16,2,3,10244
L16,2,4,10245
L16,2,5,10246
L16,2,6,10247
L16,2,7,10248
L16,2,8,10249
L16,2,9,10250
L16,2,10,10251
L16,2,11,10252
L16,2,12,10253
L16,2,13,10254
L16,2,14,10255
L16,2,15,10256
L16,2,16,10257
L16,2,17,10258
L16,2,18,10259
L16,2,19,10027
L16,2,20,10028
L16,2,21,10029
L16,2,22,10066
L16,2,23,10031
L16,2,24,10032
L16,2,25,10001
L17,1,0,10002
L17,1,1,10003
L17,1,2,10033
L17,1,3,10018
L17,1,4,10260
L17,1,5,10261
L17,1,6,10262
L17,1,7,10263
L17,1,8,10264
L17,1,9,10265
L17,1,10,10266
L17,1,11,10267
L17,1,12,10268
L17,1,13,10269
L17,1,14,10270
L17,1,15,10271
L17,1,16,10272
L17,1,17,10273
L17,1,18,10274
L17,1,19,10275
L17,1,20,10276
L17,1,21,10277
L17,2,0,10278
L17,2,1,10279
L17,2,2,10280
L17,2,3,10281
L17,2,4,10282
L17,2,5,10283
L17,2,6,10284
L17,2,7,10285
L17,2,8,10286
L17,2,9,10287
L17,2,10,10288
L17,2,11,10289
L17,2,12,10290
L17,2,13,10291
L17,2,14,10292
L17,2,15,10293
L17,2,16,10294
L17,2,17,10295
L17,2,18,10296
L17,2,19,10297
L17,2,20,10066
L17,2,21,10031
L17,2,22,10032
L18,1,0,10298
L18,1,1,10299
L18,1,2,10300
L18,1,3,10301
L18,1,4,10302
L18,1,5,10303
L18,1,6,10304
L18,1,7,10305
L18,1,8,10306
L18,1,9,10307
L18,1,10,10308
L18,1,11,10076
L18,1,12,10077
L18,1,13,10078
L18,1,14,10079
L18,1,15,10080
L18,1,16,10081
L18,1,17,10082
L18,1,18,10083
L18,1,19,10309
L18,1,20,10310
L18,1,21,10064
L18,1,22,10065
L18,1,23,10018
L18,1,24,10311
L18,1,25,10312
L18,1,26,10313
L18,1,27,10314
L18,1,28,10315
L18,1,29,10316
L18,1,30,10163
L18,1,31,10164
L18,1,32,10165
L18,1,33,10166
L18,1,34,10167
L18,1,35,10168
L18,1,36,10144
L18,1,37,10145
L18,1,38,10146
L18,1,39,10169
L18,1,40,10170
L18,1,41,10171
L18,1,42,10152
L18,1,43,10153
L18,2,0,10103
L18,2,1,10104
L18,2,2,10172
L18,2,3,10173
L18,2,4,10109
L18,2,5,10110
L18,2,6,10111
L18,2,7,10174
L18,2,8,10175
L18,2,9,10176
L18,2,10,10177
L18,2,11,10317
L18,2,12,10318
L18,2,13,10319
L18,2,14,10320
L18,2,15,10321
L18,2,16,10322
L18,2,17,10180
L18,2,18,10034
L18,2,19,10035
L18,2,20,10323
L18,2,21,10324
L18,2,22,10086
L18,2,23,10087
L18,2,24,10088
L18,2,25,10089
L18,2,26,10090
L18,2,27,10091
L18,2,28,10092
L18,2,29,10093
L18,2,30,10325
L18,2,31,10326
L18,2,32,10327
L18,2,33,10328
L18,2,34,10329
L18,2,35,10330
L18,2,36,10331
L18,2,37,10332
L18,2,38,10333
L18,2,39,10334
L18,2,40,10335
L19,1,0,10001
L19,1,1,10002
L19,1,2,10018
L19,1,3,10005
L19,1,4,10336
L19,1,5,10324
L19,1,6,10086
L19,1,7,10087
L19,1,8,10089
L19,1,9,10337
L19,2,0,10337
L19,2,1,10080
L19,2,2,10082
L19,2,3,10083
L19,2,4,10084
L19,2,5,10001
L2,1,0,10001
L2,1,1,10338
L2,1,2,10339
L2,1,3,10340
L2,1,4,10341
L2,1,5,10342
L2,1,6,10343
L2,1,7,10344
L2,1,8,10345
L2,1,9,10346
L2,1,10,10347
L2,1,11,10348
L2,1,12,10349
L2,1,13,10350
L2,1,14,10351
L2,2,0,10351
L2,2,1,10352
L2,2,2,10353
L2,2,3,10354
L2,2,4,10355
L2,2,5,10356
L2,2,6,10357
L2,2,7,10358
L2,2,8,10359
L2,2,9,10360
L2,2,10,10361
L2,2,11,10362
L2,2,12,10032
L2,2,13,10001
L20,1,0,10363
L20,1,1,10364
L20,1,2,10365
L20,1,3,10366
L20,1,4,10367
L20,1,5,10368
L20,1,6,10369
L20,1,7,10370
L20,1,8,10371
L20,1,9,10372
L20,1,10,10373
L20,1,11,10374
L20,1,12,10375
L20,1,13,10376
L20,1,14,10085
L20,1,15,10086
L20,1,16,10087
L20,1,17,10088
L20,1,18,10089
L20,1,19,10090
L20,1,20,10091
L20,1,21,10092
L20,1,22,10093
L20,1,23,10325
L20,1,24,10326
L20,1,25,10327
L20,1,26,10328
L20,1,27,10329
L20,1,28,10330
L20,1,29,10331
L20,1,30,10377
L20,1,31,10378
L20,2,0,10378
L20,2,1,10379
L20,2,2,10302
L20,2,3,10303
L20,2,4,10304
L20,2,5,10305
L20,2,6,10306
L20,2,7,10307
L20,2,8,10308
L20,2,9,10076
L20,2,10,10077
L20,2,11,10078
L20,2,12,10079
L20,2,13,10080
L20,2,14,10081
L20,2,15,10082
L20,2,16,10083
L20,2,17,10084
L20,2,18,10380
L20,2,19,10381
L20,2,20,10382
L20,2,21,10383
L20,2,22,10384
L20,2,23,10385
L20,2,24,10386
L20,2,25,10387
L20,2,26,10388
L20,2,27,10389
L20,2,28,10390
L20,2,29,10391
L20,2,30,10363
L21,1,0,10090
L21,1,1,10091
L21,1,2,10092
L21,1,3,10093
L21,1,4,10325
L21,1,5,10326
L21,1,6,10327
L21,1,7,10328
L21,1,8,10329
L21,1,9,10330
L21,1,10,10331
L21,1,11,10377
L21,1,12,10392
L21,1,13,10393
L21,1,14,10394
L21,1,15,10395
L21,1,16,10396
L21,1,17,10397
L21,1,18,10055
L21,1,19,10056
L21,1,20,10057
L21,1,21,10398
L21,2,0,10399
L21,2,1,10042
L21,2,2,10043
L21,2,3,10044
L21,2,4,10400
L21,2,5,10401
L21,2,6,10402
L21,2,7,10403
L21,2,8,10404
L21,2,9,10405
L21,2,10,10379
L21,2,11,10302
L21,2,12,10303
L21,2,13,10304
L21,2,14,10305
L21,2,15,10306
L21,2,16,10307
L21,2,17,10308
L21,2,18,10076
L21,2,19,10077
L21,2,20,10078
L21,2,21,10079
L22,1,0,10180
L22,1,1,10034
L22,1,2,10035
L22,1,3,10036
L22,1,4,10037
L22,1,5,10038
L22,1,6,10039
L22,1,7,10040
L22,1,8,10406
L22,1,9,10407
L22,1,10,10408
L22,1,11,10409
L22,1,12,10410
L22,1,13,10411
L22,1,14,10412
L22,1,15,10413
L22,1,16,10414
L22,1,17,10415
L22,1,18,10416
L22,1,19,10417
L22,1,20,10418
L22,1,21,10419
L22,1,22,10420
L22,1,23,10421
L22,1,24,10422
L22,1,25,10423
L22,1,26,10424
L22,1,27,10425
L22,1,28,10426
L22,1,29,10427
L22,1,30,10428
L22,1,31,10429
L22,1,32,10430
L22,1,33,10431
L22,1,34,10432
L22,1,35,10433
L22,1,36,10434
L22,1,37,10435
L22,1,38,10436
L22,2,0,10436
L22,2,1,10437
L22,2,2,10438
L22,2,3,10439
L22,2,4,10440
L22,2,5,10441
L22,2,6,10442
L22,2,7,10443
L22,2,8,10444
L22,2,9,10445
L22,2,10,10446
L22,2,11,10447
L22,2,12,10448
L22,2,13,10449
L22,2,14,10450
L22,2,15,10451
L22,2,16,10452
L22,2,17,10453
L22,2,18,10454
L22,2,19,10455
L22,2,20,10456
L22,2,21,10457
L22,2,22,10458
L22,2,23,10459
L22,2,24,10460
L22,2,25,10461
L22,2,26,10462
L22,2,27,10463
L22,2,28,10464
L22,2,29,10059
L22,2,30,10060
L22,2,31,10061
L22,2,32,10062
L22,2,33,10063
L22,2,34,10064
L22,2,35,10065
L22,2,36,10180
L23,1,0,10180
L23,1,1,10005
L23,1,2,10006
L23,1,3,10222
L23,1,4,10223
L23,1,5,10224
L23,1,6,10225
L23,1,7,10226
L23,1,8,10227
L23,1,9,10465
L23,1,10,10466
L23,1,11,10467
L23,1,12,10468
L23,1,13,10469
L23,1,14,10470
L23,1,15,10471
L23,1,16,10472
L23,1,17,10473
L23,1,18,10474
L23,1,19,10475
L23,1,20,10476
L23,1,21,10477
L23,1,22,10478
L23,1,23,10479
L23,1,24,10480
L23,1,25,10481
L23,1,26,10482
L23,1,27,10483
L23,1,28,10484
L23,2,0,10485
L23,2,1,10486
L23,2,2,10487
L23,2,3,10488
L23,2,4,10489
L23,2,5,10490
L23,2,6,10491
L23,2,7,10492
L23,2,8,10493
L23,2,9,10494
L23,2,10,10495
L23,2,11,10496
L23,2,12,10497
L23,2,13,10498
L23,2,14,10499
L23,2,15,10500
L23,2,16,10501
L23,2,17,10502
L23,2,18,10503
L23,2,19,10504
L23,2,20,10254
L23,2,21,10255
L23,2,22,10256
L23,2,23,10257
L23,2,24,10505
L23,2,25,10259
L23,2,26,10027
L23,2,27,10028
L23,2,28,10029
L23,2,29,10180
L24,1,0,10506
L24,1,1,10507
L24,1,2,10508
L24,1,3,10509
L24,1,4,10510
L24,1,5,10511
L24,1,6,10512
L24,1,7,10513
L24,1,8,10514
L24,1,9,10515
L24,1,10,10516
L24,1,11,10517
L24,1,12,10518
L24,1,13,10519
L24,1,14,10520
L24,1,15,10521
L24,1,16,10522
L24,1,17,10523
L24,1,18,10524
L24,2,0,10525
L24,2,1,10526
L24,2,2,10527
L24,2,3,10528
L24,2,4,10529
L24,2,5,10530
L24,2,6,10531
L24,2,7,10532
L24,2,8,10533
L24,2,9,10534
L24,2,10,10535
L24,2,11,10536
L24,2,12,10537
L24,2,13,10538
L24,2,14,10539
L24,2,15,10540
L24,2,16,10541
L24,2,17,10542
L24,2,18,10506
L25,1,0,10506
L25,1,1,10381
L25,1,2,10382
L25,1,3,10383
L25,1,4,10543
L25,1,5,10544
L25,1,6,10545
L25,1,7,10546
L25,1,8,10547
L25,1,9,10548
L25,1,10,10549
L25,1,11,10550
L25,1,12,10551
L25,1,13,10552
L25,1,14,10553
L25,1,15,10554
L25,1,16,10555
L25,1,17,10556
L25,1,18,10557
L25,1,19,10558
L25,1,20,10559
L25,1,21,10560
L25,1,22,10561
L25,1,23,10562
L25,1,24,10563
L25,1,25,10564
L25,1,26,10565
L25,1,27,10566
L25,1,28,10567
L25,1,29,10568
L25,1,30,10569
L25,1,31,10570
L25,1,32,10571
L25,1,33,10572
L25,1,34,10573
L25,1,35,10574
L25,1,36,10575
L25,1,37,10576
L25,1,38,10577
L25,1,39,10578
L25,1,40,10579
L25,1,41,10580
L25,2,0,10581
L25,2,1,10582
L25,2,2,10583
L25,2,3,10584
L25,2,4,10585
L25,2,5,10586
L25,2,6,10587
L25,2,7,10588
L25,2,8,10589
L25,2,9,10590
L25,2,10,10591
L25,2,11,10592
L25,2,12,10593
L25,2,13,10594
L25,2,14,10595
L25,2,15,10596
L25,2,16,10597
L25,2,17,10598
L25,2,18,10599
L25,2,19,10600
L25,2,20,10601
L25,2,21,10602
L25,2,22,10603
L25,2,23,10604
L25,2,24,10605
L25,2,25,10606
L25,2,26,10607
L25,2,27,10608
L25,2,28,10609
L25,2,29,10610
L25,2,30,10611
L25,2,31,10612
L25,2,32,10613
L25,2,33,10614
L25,2,34,10615
L25,2,35,10616
L25,2,36,10617
L25,2,37,10618
L25,2,38,10373
L25,2,39,10374
L25,2,40,10375
L25,2,41,10506
L26,1,0,10619
L26,1,1,10260
L26,1,2,10261
L26,1,3,10262
L26,1,4,10263
L26,1,5,10264
L26,1,6,10265
L26,1,7,10266
L26,1,8,10267
L26,1,9,10268
L26,1,10,10269
L26,1,11,10620
L26,1,12,10621
L26,1,13,10622
L26,1,14,10623
L26,1,15,10624
L26,1,16,10625
L26,1,17,10626
L26,1,18,10627
L26,1,19,10628
L26,1,20,10629
L26,1,21,10630
L26,1,22,10631
L26,1,23,10632
L26,1,24,10633
L26,1,25,10634
L26,1,26,10635
L26,2,0,10635
L26,2,1,10636
L26,2,2,10637
L26,2,3,10638
L26,2,4,10639
L26,2,5,10640
L26,2,6,10641
L26,2,7,10642
L26,2,8,10643
L26,2,9,10644
L26,2,10,10645
L26,2,11,10646
L26,2,12,10647
L26,2,13,10648
L26,2,14,10649
L26,2,15,10650
L26,2,16,10287
L26,2,17,10288
L26,2,18,10289
L26,2,19,10290
L26,2,20,10291
L26,2,21,10292
L26,2,22,10293
L26,2,23,10294
L26,2,24,10295
L26,2,25,10296
L26,2,26,10297
L26,2,27,10619
L261,1,0,10619
L261,1,1,10260
L261,1,2,10261
L261,1,3,10262
L261,1,4,10263
L261,1,5,10264
L261,1,6,10265
L261,1,7,10266
L261,1,8,10267
L261,1,9,10268
L261,1,10,10269
L261,1,11,10620
L261,1,12,10621
L261,1,13,10622
L261,1,14,10623
L261,1,15,10624
L261,1,16,10625
L261,1,17,10626
L261,1,18,10651
L261,1,19,10652
L261,1,20,10653
L261,1,21,10654
L261,1,22,10655
L261,1,23,10656
L261,1,24,10657
L261,1,25,10658
L261,1,26,10659
L261,1,27,10660
L261,1,28,10661
L261,1,29,10662
L261,1,30,10663
L261,1,31,10664
L261,1,32,10665
L261,1,33,10666
L261,1,34,10667
L261,1,35,10668
L261,1,36,10669
L261,1,37,10670
L261,1,38,10671
L261,1,39,10672
L261,1,40,10673
L261,1,41,10674
L261,1,42,10675
L261,1,43,10676
L261,1,44,10677
L261,1,45,10678
L261,1,46,10679
L261,1,47,10680
L261,1,48,10681
L261,1,49,10682
L261,1,50,10683
L261,1,51,10684
L261,1,52,10685
L261,1,53,10686
L261,1,54,10687
L261,1,55,10688
L261,2,0,10689
L261,2,1,10690
L261,2,2,10691
L261,2,3,10692
L261,2,4,10693
L261,2,5,10694
L261,2,6,10695
L261,2,7,10696
L261,2,8,10697
L261,2,9,10698
L261,2,10,10699
L261,2,11,10700
L261,2,12,10701
L261,2,13,10702
L261,2,14,10703
L261,2,15,10704
L261,2,16,10705
L261,2,17,10706
L261,2,18,10707
L261,2,19,10708
L261,2,20,10709
L261,2,21,10710
L261,2,22,10711
L261,2,23,10712
L261,2,24,10713
L261,2,25,10714
L261,2,26,10715
L261,2,27,10716
L261,2,28,10717
L261,2,29,10718
L261,2,30,10719
L261,2,31,10720
L261,2,32,10721
L261,2,33,10722
L261,2,34,10723
L261,2,35,10724
L261,2,36,10725
L261,2,37,10726
L261,2,38,10644
L261,2,39,10645
L261,2,40,10646
L261,2,41,10647
L261,2,42,10648
L261,2,43,10649
L261,2,44,10650
L261,2,45,10287
L261,2,46,10288
L261,2,47,10289
L261,2,48,10290
L261,2,49,10291
L261,2,50,10292
L261,2,51,10293
L261,2,52,10294
L261,2,53,10295
L261,2,54,10296
L261,2,55,10297
L261,2,56,10619
L262,1,0,10619
L262,1,1,10260
L262,1,2,10261
L262,1,3,10262
L262,1,4,10263
L262,1,5,10264
L262,1,6,10265
L262,1,7,10266
L262,1,8,10267
L262,1,9,10268
L262,1,10,10269
L262,1,11,10620
L262,1,12,10621
L262,1,13,10622
L262,1,14,10623
L262,1,15,10624
L262,1,16,10625
L262,1,17,10626
L262,1,18,10727
L262,1,19,10728
L262,1,20,10729
L262,1,21,10730
L262,1,22,10731
L262,1,23,10732
L262,1,24,10733
L262,2,0,10733
L262,2,1,10734
L262,2,2,10735
L262,2,3,10736
L262,2,4,10737
L262,2,5,10738
L262,2,6,10739
L262,2,7,10644
L262,2,8,10645
L262,2,9,10646
L262,2,10,10647
L262,2,11,10648
L262,2,12,10649
L262,2,13,10650
L262,2,14,10287
L262,2,15,10288
L262,2,16,10289
L262,2,17,10290
L262,2,18,10291
L262,2,19,10292
L262,2,20,10293
L262,2,21,10294
L262,2,22,10295
L262,2,23,10296
L262,2,24,10297
L262,2,25,10619
L27,1,0,10180
L27,1,1,10034
L27,1,2,10035
L27,1,3,10036
L27,1,4,10037
L27,1,5,10038
L27,1,6,10039
L27,1,7,10040
L27,1,8,10406
L27,1,9,10407
L27,1,10,10408
L27,1,11,10409
L27,1,12,10410
L27,1,13,10411
L27,1,14,10740
L27,1,15,10183
L27,1,16,10184
L27,1,17,10185
L27,1,18,10186
L27,1,19,10187
L27,1,20,10741
L27,1,21,10742
L27,1,22,10743
L27,1,23,10744
L27,1,24,10745
L27,1,25,10746
L27,1,26,10747
L27,1,27,10748
L27,1,28,10749
L27,1,29,10750
L27,1,30,10751
L27,1,31,10752
L27,1,32,10753
L27,1,33,10754
L27,2,0,10755
L27,2,1,10756
L27,2,2,10757
L27,2,3,10758
L27,2,4,10759
L27,2,5,10760
L27,2,6,10761
L27,2,7,10762
L27,2,8,10763
L27,2,9,10764
L27,2,10,10765
L27,2,11,10766
L27,2,12,10767
L27,2,13,10768
L27,2,14,10769
L27,2,15,10156
L27,2,16,10157
L27,2,17,10158
L27,2,18,10770
L27,2,19,10459
L27,2,20,10460
L27,2,21,10461
L27,2,22,10462
L27,2,23,10463
L27,2,24,10464
L27,2,25,10059
L27,2,26,10060
L27,2,27,10061
L27,2,28,10062
L27,2,29,10063
L27,2,30,10064
L27,2,31,10065
L27,2,32,10180
L28,1,0,10771
L28,1,1,10772
L28,1,2,10773
L28,1,3,10774
L28,1,4,10775
L28,1,5,10266
L28,1,6,10267
L28,1,7,10776
L28,1,8,10777
L28,1,9,10778
L28,1,10,10625
L28,1,11,10779
L28,1,12,10780
L28,1,13,10781
L28,1,14,10782
L28,1,15,10783
L28,1,16,10784
L28,1,17,10785
L28,1,18,10786
L28,1,19,10787
L28,1,20,10788
L28,1,21,10789
L28,1,22,10790
L28,1,23,10791
L28,1,24,10792
L28,1,25,10793
L28,1,26,10794
L28,1,27,10795
L28,1,28,10796
L28,1,29,10797
L28,1,30,10798
L28,1,31,10799
L28,1,32,10800
L28,1,33,10801
L28,1,34,10802
L28,1,35,10803
L28,1,36,10804
L28,1,37,10805
L28,1,38,10806
L28,1,39,10807
L28,1,40,10808
L28,1,41,10809
L28,1,42,10810
L28,1,43,10811
L28,1,44,10812
L28,1,45,10813
L28,1,46,10814
L28,1,47,10815
L28,2,0,10816
L28,2,1,10817
L28,2,2,10818
L28,2,3,10819
L28,2,4,10820
L28,2,5,10821
L28,2,6,10822
L28,2,7,10823
L28,2,8,10824
L28,2,9,10825
L28,2,10,10826
L28,2,11,10827
L28,2,12,10828
L28,2,13,10829
L28,2,14,10830
L28,2,15,10831
L28,2,16,10832
L28,2,17,10833
L28,2,18,10834
L28,2,19,10835
L28,2,20,10836
L28,2,21,10837
L28,2,22,10838
L28,2,23,10839
L28,2,24,10840
L28,2,25,10841
L28,2,26,10842
L28,2,27,10843
L28,2,28,10844
L28,2,29,10845
L28,2,30,10846
L28,2,31,10847
L28,2,32,10848
L28,2,33,10849
L28,2,34,10850
L28,2,35,10851
L28,2,36,10852
L28,2,37,10853
L28,2,38,10854
L28,2,39,10855
L28,2,40,10856
L28,2,41,10289
L28,2,42,10857
L28,2,43,10858
L28,2,44,10859
L28,2,45,10860
L28,2,46,10861
L28,2,47,10771
L29,1,0,10862
L29,1,1,10863
L29,1,2,10864
L29,1,3,10865
L29,1,4,10866
L29,1,5,10867
L29,1,6,10868
L29,1,7,10869
L29,1,8,10870
L29,1,9,10871
L29,1,10,10872
L29,1,11,10873
L29,1,12,10874
L29,1,13,10875
L29,1,14,10876
L29,1,15,10877
L29,1,16,10878
L29,1,17,10879
L29,1,18,10880
L29,1,19,10881
L29,1,20,10882
L29,1,21,10883
L29,1,22,10884
L29,1,23,10885
L29,1,24,10886
L29,1,25,10887
L29,1,26,10888
L29,1,27,10889
L29,1,28,10890
L29,1,29,10891
L29,1,30,10892
L29,1,31,10893
L29,1,32,10894
L29,1,33,10895
L29,1,34,10896
L29,1,35,10897
L29,1,36,10898
L29,1,37,10899
L29,1,38,10900
L29,1,39,10901
L29,1,40,10902
L29,1,41,10903
L29,1,42,10904
L29,1,43,10905
L29,2,0,10905
L29,2,1,10906
L29,2,2,10907
L29,2,3,10908
L29,2,4,10909
L29,2,5,10910
L29,2,6,10911
L29,2,7,10912
L29,2,8,10913
L29,2,9,10914
L29,2,10,10915
L29,2,11,10916
L29,2,12,10917
L29,2,13,10918
L29,2,14,10919
L29,2,15,10920
L29,2,16,10921
L29,2,17,10922
L29,2,18,10923
L29,2,19,10924
L29,2,20,10925
L29,2,21,10926
L29,2,22,10927
L29,2,23,10928
L29,2,24,10929
L29,2,25,10930
L29,2,26,10931
L29,2,27,10932
L29,2,28,10933
L29,2,29,10934
L29,2,30,10935
L29,2,31,10936
L29,2,32,10937
L29,2,33,10938
L29,2,34,10939
L29,2,35,10940
L29,2,36,10941
L29,2,37,10942
L29,2,38,10943
L29,2,39,10944
L29,2,40,10945
L29,2,41,10946
L29,2,42,10947
L29,2,43,10363
L3,1,0,10001
L3,1,1,10002
L3,1,2,10003
L3,1,3,10033
L3,1,4,10018
L3,1,5,10005
L3,1,6,10006
L3,1,7,10948
L3,1,8,10949
L3,1,9,10950
L3,1,10,10951
L3,1,11,10952
L3,1,12,10953
L3,1,13,10954
L3,1,14,10955
L3,1,15,10956
L3,1,16,10465
L3,1,17,10466
L3,1,18,10467
L3,1,19,10468
L3,1,20,10957
L3,1,21,10958
L3,1,22,10959
L3,1,23,10960
L3,1,24,10961
L3,1,25,10962
L3,1,26,10764
L3,1,27,10963
L3,1,28,10964
L3,1,29,10965
L3,1,30,10966
L3,1,31,10967
L3,1,32,10968
L3,1,33,10969
L3,2,0,10970
L3,2,1,10971
L3,2,2,10972
L3,2,3,10763
L3,2,4,10973
L3,2,5,10974
L3,2,6,10975
L3,2,7,10976
L3,2,8,10977
L3,2,9,10978
L3,2,10,10958
L3,2,11,10979
L3,2,12,10501
L3,2,13,10502
L3,2,14,10503
L3,2,15,10504
L3,2,16,10980
L3,2,17,10981
L3,2,18,10982
L3,2,19,10983
L3,2,20,10984
L3,2,21,10985
L3,2,22,10986
L3,2,23,10987
L3,2,24,10988
L3,2,25,10028
L3,2,26,10029
L3,2,27,10066
L3,2,28,10031
L3,2,29,10032
L3,2,30,10001
L30,1,0,10254
L30,1,1,10255
L30,1,2,10256
L30,1,3,10257
L30,1,4,10258
L30,1,5,10989
L30,1,6,10990
L30,1,7,10951
L30,1,8,10991
L30,1,9,10036
L30,1,10,10037
L30,1,11,10992
L30,1,12,10993
L30,2,0,10994
L30,2,1,10995
L30,2,2,10062
L30,2,3,10063
L30,2,4,10991
L30,2,5,10951
L30,2,6,10990
L30,2,7,10996
L30,2,8,10224
L30,2,9,10225
L30,2,10,10226
L30,2,11,10227
L33,1,0,10506
L33,1,1,10507
L33,1,2,10997
L33,1,3,10088
L33,1,4,10089
L33,1,5,10090
L33,1,6,10091
L33,1,7,10118
L33,1,8,10119
L33,1,9,10120
L33,1,10,10121
L33,1,11,10122
L33,1,12,10123
L33,1,13,10124
L33,1,14,10998
L33,1,15,10999
L33,1,16,11000
L33,1,17,11001
L33,1,18,11002
L33,1,19,11003
L33,1,20,11004
L33,1,21,11005
L33,1,22,11006
L33,1,23,11007
L33,1,24,11008
L33,1,25,11009
L33,1,26,11010
L33,1,27,11011
L33,1,28,11012
L33,1,29,11013
L33,1,30,11014
L33,1,31,11015
L33,1,32,11016
L33,1,33,11017
L33,1,34,11018
L33,1,35,11019
L33,1,36,11020
L33,1,37,11021
L33,1,38,11022
L33,1,39,11023
L33,1,40,11024
L33,1,41,11025
L33,1,42,11026
L33,1,43,11027
L33,1,44,11028
L33,1,45,11029
L33,1,46,11030
L33,1,47,11031
L33,1,48,11032
L33,1,49,11033
L33,1,50,11034
L33,2,0,11035
L33,2,1,11036
L33,2,2,11037
L33,2,3,11038
L33,2,4,11039
L33,2,5,11040
L33,2,6,11041
L33,2,7,11042
L33,2,8,11043
L33,2,9,11044
L33,2,10,11045
L33,2,11,11046
L33,2,12,11047
L33,2,13,11048
L33,2,14,11049
L33,2,15,11050
L33,2,16,11051
L33,2,17,11017
L33,2,18,11052
L33,2,19,11053
L33,2,20,11054
L33,2,21,11055
L33,2,22,11056
L33,2,23,11057
L33,2,24,11058
L33,2,25,11059
L33,2,26,11060
L33,2,27,11061
L33,2,28,11062
L33,2,29,11063
L33,2,30,11064
L33,2,31,11065
L33,2,32,11066
L33,2,33,11067
L33,2,34,11068
L33,2,35,11069
L33,2,36,10131
L33,2,37,10132
L33,2,38,10133
L33,2,39,10134
L33,2,40,11070
L33,2,41,10136
L33,2,42,10137
L33,2,43,10078
L33,2,44,10079
L33,2,45,10080
L33,2,46,10081
L33,2,47,11071
L33,2,48,10542
L33,2,49,10506
L332,1,0,10445
L332,1,1,11072
L332,1,2,11073
L332,1,3,11074
L332,1,4,11075
L332,1,5,11076
L332,1,6,11077
L332,1,7,11078
L332,1,8,11079
L332,1,9,11080
L332,1,10,11081
L332,1,11,11082
L332,1,12,11083
L332,1,13,11084
L332,2,0,11085
L332,2,1,11086
L332,2,2,11087
L332,2,3,11088
L332,2,4,11089
L332,2,5,11090
L332,2,6,11091
L332,2,7,11092
L332,2,8,11093
L332,2,9,11094
L332,2,10,11095
L332,2,11,11096
L332,2,12,11097
L332,2,13,11098
L35,1,0,10506
L35,1,1,10507
L35,1,2,10508
L35,1,3,10509
L35,1,4,10510
L35,1,5,11099
L35,1,6,11100
L35,1,7,11101
L35,1,8,11102
L35,1,9,11103
L35,1,10,11104
L35,1,11,11105
L35,1,12,11106
L35,1,13,11107
L35,1,14,11108
L35,1,15,11109
L35,1,16,11110
L35,1,17,11111
L35,1,18,11112
L35,1,19,11113
L35,1,20,11114
L35,1,21,11115
L35,1,22,11116
L35,1,23,11117
L35,1,24,11118
L35,1,25,11119
L35,1,26,11120
L35,1,27,11121
L35,1,28,11122
L35,1,29,11123
L35,1,30,11124
L35,1,31,11125
L35,1,32,11126
L35,1,33,11127
L35,1,34,11128
L35,2,0,11129
L35,2,1,11130
L35,2,2,11131
L35,2,3,11132
L35,2,4,11133
L35,2,5,11134
L35,2,6,11135
L35,2,7,11136
L35,2,8,11137
L35,2,9,11138
L35,2,10,11139
L35,2,11,11140
L35,2,12,11141
L35,2,13,11142
L35,2,14,11143
L35,2,15,11144
L35,2,16,11145
L35,2,17,11146
L35,2,18,11147
L35,2,19,11148
L35,2,20,11149
L35,2,21,11150
L35,2,22,11151
L35,2,23,11152
L35,2,24,11153
L35,2,25,11154
L35,2,26,11155
L35,2,27,11156
L35,2,28,11157
L35,2,29,11158
L35,2,30,11159
L35,2,31,10539
L35,2,32,10540
L35,2,33,10541
L35,2,34,10542
L35,2,35,10506
L36,1,0,10619
L36,1,1,10311
L36,1,2,10312
L36,1,3,10313
L36,1,4,10314
L36,1,5,10315
L36,1,6,10316
L36,1,7,10178
L36,1,8,10167
L36,1,9,10168
L36,1,10,10144
L36,1,11,11160
L36,1,12,11161
L36,1,13,11162
L36,1,14,11163
L36,1,15,11164
L36,1,16,11165
L36,1,17,11166
L36,1,18,11167
L36,1,19,11168
L36,1,20,11169
L36,1,21,11170
L36,1,22,11171
L36,2,0,11172
L36,2,1,11173
L36,2,2,11174
L36,2,3,11175
L36,2,4,11176
L36,2,5,11177
L36,2,6,11178
L36,2,7,11179
L36,2,8,11180
L36,2,9,10111
L36,2,10,10174
L36,2,11,10175
L36,2,12,10162
L36,2,13,10317
L36,2,14,10318
L36,2,15,10319
L36,2,16,10320
L36,2,17,10321
L36,2,18,10322
L36,2,19,10619
L38,1,0,10018
L38,1,1,10019
L38,1,2,10020
L38,1,3,10021
L38,1,4,10022
L38,1,5,10023
L38,1,6,11181
L38,1,7,11182
L38,1,8,11160
L38,1,9,11161
L38,1,10,11183
L38,1,11,11184
L38,1,12,11185
L38,1,13,11186
L38,1,14,11187
L38,1,15,11188
L38,1,16,11189
L38,1,17,11190
L38,1,18,11191
L38,1,19,11192
L38,1,20,11193
L38,1,21,11194
L38,1,22,11195
L38,1,23,11196
L38,1,24,11197
L38,1,25,11198
L38,1,26,11199
L38,1,27,11200
L38,1,28,11201
L38,1,29,11202
L38,1,30,11203
L38,1,31,11204
L38,1,32,11205
L38,1,33,11206
L38,1,34,11207
L38,1,35,11208
L38,1,36,11209
L38,1,37,11210
L38,1,38,11211
L38,1,39,11212
L38,1,40,11213
L38,1,41,11214
L38,1,42,11215
L38,1,43,11216
L38,1,44,11217
L38,1,45,11218
L38,1,46,11219
L38,1,47,11220
L38,1,48,11221
L38,1,49,11222
L38,1,50,11223
L38,1,51,11224
L38,1,52,11225
L38,2,0,11226
L38,2,1,11227
L38,2,2,11228
L38,2,3,11229
L38,2,4,11230
L38,2,5,11231
L38,2,6,11232
L38,2,7,11233
L38,2,8,11234
L38,2,9,11235
L38,2,10,11236
L38,2,11,11237
L38,2,12,11238
L38,2,13,11239
L38,2,14,11240
L38,2,15,11241
L38,2,16,11242
L38,2,17,11243
L38,2,18,11244
L38,2,19,11245
L38,2,20,11246
L38,2,21,11247
L38,2,22,11248
L38,2,23,11249
L38,2,24,11250
L38,2,25,11251
L38,2,26,11252
L38,2,27,11253
L38,2,28,11254
L38,2,29,11255
L38,2,30,11256
L38,2,31,11257
L38,2,32,11258
L38,2,33,11259
L38,2,34,11260
L38,2,35,11261
L38,2,36,11262
L38,2,37,11263
L38,2,38,11264
L38,2,39,11265
L38,2,40,11266
L38,2,41,11267
L38,2,42,11179
L38,2,43,11180
L38,2,44,11268
L38,2,45,11269
L38,2,46,10012
L38,2,47,10013
L38,2,48,10014
L38,2,49,10015
L38,2,50,10016
L38,2,51,10017
L38,2,52,10018
L39,1,0,10862
L39,1,1,10863
L39,1,2,10864
L39,1,3,11270
L39,1,4,11271
L39,1,5,11272
L39,1,6,11273
L39,1,7,11274
L39,1,8,11275
L39,1,9,11276
L39,1,10,11277
L39,1,11,11278
L39,1,12,11279
L39,1,13,11280
L39,1,14,11281
L39,1,15,11282
L39,1,16,11283
L39,1,17,11284
L39,1,18,11285
L39,1,19,11286
L39,1,20,11287
L39,1,21,11288
L39,1,22,11289
L39,1,23,11290
L39,1,24,11291
L39,1,25,11292
L39,1,26,11293
L39,1,27,11294
L39,1,28,11295
L39,1,29,11296
L39,1,30,11297
L39,1,31,11298
L39,1,32,11299
L39,2,0,11299
L39,2,1,11300
L39,2,2,11301
L39,2,3,11302
L39,2,4,11303
L39,2,5,11304
L39,2,6,11305
L39,2,7,11306
L39,2,8,11307
L39,2,9,11308
L39,2,10,11309
L39,2,11,11310
L39,2,12,11311
L39,2,13,11312
L39,2,14,11313
L39,2,15,11314
L39,2,16,11315
L39,2,17,11316
L39,2,18,11317
L39,2,19,11318
L39,2,20,11319
L39,2,21,11320
L39,2,22,11321
L39,2,23,11322
L39,2,24,11323
L39,2,25,11324
L39,2,26,11325
L39,2,27,11326
L39,2,28,11327
L39,2,29,10946
L39,2,30,10947
L39,2,31,10363
L4,1,0,10001
L4,1,1,10002
L4,1,2,10003
L4,1,3,10033
L4,1,4,10018
L4,1,5,10311
L4,1,6,10312
L4,1,7,10313
L4,1,8,11328
L4,1,9,11329
L4,1,10,11330
L4,1,11,11331
L4,1,12,11332
L4,1,13,11333
L4,1,14,11334
L4,1,15,11335
L4,1,16,11336
L4,2,0,11337
L4,2,1,11338
L4,2,2,11339
L4,2,3,11340
L4,2,4,11341
L4,2,5,11342
L4,2,6,11343
L4,2,7,11344
L4,2,8,11345
L4,2,9,10320
L4,2,10,10321
L4,2,11,10322
L4,2,12,10066
L4,2,13,10031
L4,2,14,10032
L4,2,15,10001
L40,1,0,11118
L40,1,1,11119
L40,1,2,11120
L40,1,3,11121
L40,1,4,11346
L40,1,5,11347
L40,1,6,11348
L40,1,7,11349
L40,1,8,11350
L40,1,9,11351
L40,1,10,11352
L40,1,11,11353
L40,1,12,11354
L40,1,13,11355
L40,1,14,10576
L40,1,15,10577
L40,1,16,10578
L40,1,17,10579
L40,1,18,10580
L40,1,19,11356
L40,1,20,11299
L40,1,21,11300
L40,1,22,11301
L40,1,23,11302
L40,1,24,11303
L40,1,25,11304
L40,1,26,11305
L40,1,27,11357
L40,1,28,11358
L40,1,29,11359
L40,1,30,11360
L40,1,31,11361
L40,1,32,11362
L40,1,33,11363
L40,1,34,11364
L40,1,35,11365
L40,1,36,11366
L40,1,37,11367
L40,1,38,11368
L40,1,39,11369
L40,1,40,11370
L40,1,41,10905
L40,2,0,10905
L40,2,1,10906
L40,2,2,10907
L40,2,3,10908
L40,2,4,10909
L40,2,5,10910
L40,2,6,10911
L40,2,7,11371
L40,2,8,11372
L40,2,9,11373
L40,2,10,11374
L40,2,11,11375
L40,2,12,11376
L40,2,13,11377
L40,2,14,11378
L40,2,15,11379
L40,2,16,11380
L40,2,17,11381
L40,2,18,11382
L40,2,19,11293
L40,2,20,11294
L40,2,21,11295
L40,2,22,11296
L40,2,23,11297
L40,2,24,11298
L40,2,25,11299
L40,2,26,11383
L40,2,27,10581
L40,2,28,10582
L40,2,29,10583
L40,2,30,10584
L40,2,31,10585
L40,2,32,11384
L40,2,33,11385
L40,2,34,11386
L40,2,35,11387
L40,2,36,11388
L40,2,37,11389
L40,2,38,11390
L40,2,39,11391
L40,2,40,11392
L40,2,41,11393
L40,2,42,11136
L40,2,43,11137
L40,2,44,11138
L40,2,45,11139
L41,1,0,11394
L41,1,1,11395
L41,1,2,11396
L41,1,3,11397
L41,1,4,11398
L41,1,5,11399
L41,1,6,11400
L41,1,7,11401
L41,1,8,11402
L41,1,9,11403
L41,1,10,11404
L41,1,11,11405
L41,1,12,11406
L41,1,13,11407
L41,1,14,11408
L41,1,15,11409
L41,1,16,11410
L41,1,17,11411
L41,1,18,11412
L41,1,19,11413
L41,1,20,11414
L41,1,21,11415
L41,1,22,11416
L41,1,23,11417
L41,1,24,11418
L41,1,25,11419
L41,1,26,11420
L41,1,27,11421
L41,1,28,11422
L41,1,29,11423
L41,1,30,11424
L41,1,31,11425
L41,1,32,11426
L41,1,33,11427
L41,1,34,11428
L41,1,35,11429
L41,1,36,11430
L41,1,37,11118
L41,1,38,11119
L41,1,39,11120
L41,1,40,11121
L41,1,41,11346
L41,2,0,11393
L41,2,1,11136
L41,2,2,11137
L41,2,3,11138
L41,2,4,11139
L41,2,5,11431
L41,2,6,11432
L41,2,7,11433
L41,2,8,11434
L41,2,9,11435
L41,2,10,11436
L41,2,11,11437
L41,2,12,11438
L41,2,13,11439
L41,2,14,11440
L41,2,15,11441
L41,2,16,11442
L41,2,17,11443
L41,2,18,11444
L41,2,19,11445
L41,2,20,11446
L41,2,21,11447
L41,2,22,11448
L41,2,23,11449
L41,2,24,11450
L41,2,25,11451
L41,2,26,11452
L41,2,27,11453
L41,2,28,11454
L41,2,29,11455
L41,2,30,11456
L41,2,31,11457
L41,2,32,11458
L41,2,33,11459
L41,2,34,11460
L41,2,35,11461
L41,2,36,11462
L41,2,37,11463
L41,2,38,11464
L41,2,39,11465
L41,2,40,11466
L41,2,41,11467
L43,1,0,10018
L43,1,1,10034
L43,1,2,10035
L43,1,3,10036
L43,1,4,10037
L43,1,5,10038
L43,1,6,10039
L43,1,7,10040
L43,1,8,10406
L43,1,9,10407
L43,1,10,10408
L43,1,11,10409
L43,1,12,10410
L43,1,13,10411
L43,1,14,10412
L43,1,15,10413
L43,1,16,10414
L43,1,17,10415
L43,1,18,10416
L43,1,19,10417
L43,1,20,10418
L43,1,21,10419
L43,1,22,10420
L43,1,23,10421
L43,1,24,10422
L43,1,25,10423
L43,1,26,10424
L43,1,27,10425
L43,1,28,10426
L43,1,29,10427
L43,1,30,10428
L43,1,31,10429
L43,1,32,10430
L43,1,33,10431
L43,1,34,10432
L43,1,35,11468
L43,1,36,11469
L43,1,37,11470
L43,1,38,11471
L43,1,39,11472
L43,1,40,11473
L43,1,41,11474
L43,1,42,11475
L43,1,43,11476
L43,1,44,11477
L43,1,45,11478
L43,1,46,11479
L43,1,47,11480
L43,1,48,11481
L43,1,49,11482
L43,1,50,11483
L43,1,51,11484
L43,1,52,11485
L43,1,53,11486
L43,1,54,11487
L43,2,0,11488
L43,2,1,11489
L43,2,2,11490
L43,2,3,11491
L43,2,4,11492
L43,2,5,11493
L43,2,6,11494
L43,2,7,11495
L43,2,8,11496
L43,2,9,11497
L43,2,10,11498
L43,2,11,11499
L43,2,12,11500
L43,2,13,11501
L43,2,14,11502
L43,2,15,11503
L43,2,16,11504
L43,2,17,11505
L43,2,18,11506
L43,2,19,11507
L43,2,20,10440
L43,2,21,10441
L43,2,22,10442
L43,2,23,10443
L43,2,24,10444
L43,2,25,10445
L43,2,26,10446
L43,2,27,10447
L43,2,28,10448
L43,2,29,10449
L43,2,30,10450
L43,2,31,10451
L43,2,32,10452
L43,2,33,10453
L43,2,34,10454
L43,2,35,10455
L43,2,36,10456
L43,2,37,10457
L43,2,38,10458
L43,2,39,10459
L43,2,40,10460
L43,2,41,10461
L43,2,42,10462
L43,2,43,10463
L43,2,44,10464
L43,2,45,10059
L43,2,46,10060
L43,2,47,10061
L43,2,48,10062
L43,2,49,10063
L43,2,50,10064
L43,2,51,10065
L43,2,52,10018
L44,1,0,11508
L44,1,1,10019
L44,1,2,10020
L44,1,3,10021
L44,1,4,10022
L44,1,5,10023
L44,1,6,10216
L44,1,7,10218
L44,1,8,11509
L44,1,9,11510
L44,1,10,11511
L44,1,11,11512
L44,1,12,11513
L44,1,13,11514
L44,1,14,11515
L44,1,15,11516
L44,1,16,11517
L44,1,17,11518
L44,1,18,11519
L44,1,19,11520
L44,1,20,11521
L44,1,21,11522
L44,1,22,11523
L44,1,23,11524
L44,1,24,11525
L44,1,25,11526
L44,1,26,11527
L44,1,27,11528
L44,1,28,11529
L44,1,29,11530
L44,1,30,11531
L44,1,31,11532
L44,1,32,11533
L44,1,33,11534
L44,1,34,11535
L44,1,35,11536
L44,1,36,11537
L44,1,37,11538
L44,1,38,11539
L44,1,39,11540
L44,1,40,11541
L44,2,0,11542
L44,2,1,11543
L44,2,2,11544
L44,2,3,11545
L44,2,4,11546
L44,2,5,11547
L44,2,6,11548
L44,2,7,11549
L44,2,8,11550
L44,2,9,11551
L44,2,10,11552
L44,2,11,11553
L44,2,12,11554
L44,2,13,11555
L44,2,14,11556
L44,2,15,11557
L44,2,16,11558
L44,2,17,11559
L44,2,18,11560
L44,2,19,11561
L44,2,20,11562
L44,2,21,11563
L44,2,22,11564
L44,2,23,11565
L44,2,24,11566
L44,2,25,11567
L44,2,26,11568
L44,2,27,11569
L44,2,28,11570
L44,2,29,11571
L44,2,30,11572
L44,2,31,11573
L44,2,32,11574
L44,2,33,10219
L44,2,34,10221
L44,2,35,10012
L44,2,36,10013
L44,2,37,10014
L44,2,38,10017
L441,1,0,11508
L441,1,1,10019
L441,1,2,11575
L441,1,3,11576
L441,1,4,11577
L441,1,5,11578
L441,1,6,11579
L441,1,7,11580
L441,1,8,11581
L441,1,9,11582
L441,1,10,11583
L441,1,11,11584
L441,1,12,11585
L441,1,13,11586
L441,1,14,11587
L441,1,15,11588
L441,1,16,11589
L441,1,17,11520
L441,1,18,11590
L441,1,19,11522
L441,1,20,11591
L441,1,21,11592
L441,1,22,11523
L441,1,23,11593
L441,1,24,11594
L441,1,25,11595
L441,1,26,11596
L441,1,27,11597
L441,1,28,11598
L441,1,29,11599
L441,1,30,11600
L441,1,31,11601
L441,1,32,11602
L441,1,33,11603
L441,2,0,11604
L441,2,1,11605
L441,2,2,11606
L441,2,3,11607
L441,2,4,11608
L441,2,5,11609
L441,2,6,11610
L441,2,7,11611
L441,2,8,11612
L441,2,9,11613
L441,2,10,11614
L441,2,11,11615
L441,2,12,11616
L441,2,13,11617
L441,2,14,11562
L441,2,15,11563
L441,2,16,11618
L441,2,17,11619
L441,2,18,11620
L441,2,19,11621
L441,2,20,11570
L441,2,21,11622
L441,2,22,11623
L441,2,23,11572
L441,2,24,11624
L441,2,25,11574
L441,2,26,11625
L441,2,27,11626
L441,2,28,11627
L441,2,29,11628
L441,2,30,11629
L441,2,31,11630
L441,2,32,10017
L45,1,0,10506
L45,1,1,10507
L45,1,2,10508
L45,1,3,10509
L45,1,4,10510
L45,1,5,10511
L45,1,6,10512
L45,1,7,10513
L45,1,8,10514
L45,1,9,10515
L45,1,10,10516
L45,1,11,10517
L45,1,12,10518
L45,1,13,10519
L45,1,14,11631
L45,1,15,11632
L45,1,16,11633
L45,1,17,11634
L45,1,18,11635
L45,1,19,11636
L45,1,20,11637
L45,1,21,11451
L45,1,22,11452
L45,1,23,11453
L45,1,24,11454
L45,1,25,11455
L45,1,26,11456
L45,1,27,11457
L45,1,28,11458
L45,1,29,11459
L45,1,30,11460
L45,1,31,11461
L45,1,32,11462
L45,1,33,11463
L45,1,34,11464
L45,1,35,11465
L45,1,36,11466
L45,1,37,11467
L45,2,0,11638
L45,2,1,11395
L45,2,2,11396
L45,2,3,11397
L45,2,4,11398
L45,2,5,11399
L45,2,6,11400
L45,2,7,11401
L45,2,8,11402
L45,2,9,11403
L45,2,10,11404
L45,2,11,11405
L45,2,12,11406
L45,2,13,11407
L45,2,14,11408
L45,2,15,11409
L45,2,16,11410
L45,2,17,11639
L45,2,18,11640
L45,2,19,11641
L45,2,20,11642
L45,2,21,11643
L45,2,22,11644
L45,2,23,11645
L45,2,24,10530
L45,2,25,10531
L45,2,26,10532
L45,2,27,10533
L45,2,28,10534
L45,2,29,10535
L45,2,30,10536
L45,2,31,10537
L45,2,32,10538
L45,2,33,10539
L45,2,34,10540
L45,2,35,10541
L45,2,36,10542
L45,2,37,10506
L5,1,0,10001
L5,1,1,10002
L5,1,2,10003
L5,1,3,10033
L5,1,4,10018
L5,1,5,10034
L5,1,6,10035
L5,1,7,10036
L5,1,8,10037
L5,1,9,10038
L5,1,10,10039
L5,1,11,10040
L5,1,12,10406
L5,1,13,10407
L5,1,14,10408
L5,1,15,10409
L5,1,16,10410
L5,1,17,10411
L5,1,18,10740
L5,1,19,10183
L5,1,20,10184
L5,1,21,10185
L5,1,22,10186
L5,1,23,10187
L5,1,24,10741
L5,1,25,10742
L5,1,26,10743
L5,1,27,10744
L5,2,0,10764
L5,2,1,10765
L5,2,2,10766
L5,2,3,10767
L5,2,4,10768
L5,2,5,10769
L5,2,6,10156
L5,2,7,10157
L5,2,8,10158
L5,2,9,10770
L5,2,10,10459
L5,2,11,10460
L5,2,12,10461
L5,2,13,10462
L5,2,14,10463
L5,2,15,10464
L5,2,16,10059
L5,2,17,10060
L5,2,18,10061
L5,2,19,10062
L5,2,20,10063
L5,2,21,10064
L5,2,22,10065
L5,2,23,10066
L5,2,24,10031
L5,2,25,10032
L5,2,26,10001
L6,1,0,10363
L6,1,1,10364
L6,1,2,10365
L6,1,3,10366
L6,1,4,10367
L6,1,5,10368
L6,1,6,10369
L6,1,7,10370
L6,1,8,10371
L6,1,9,10372
L6,1,10,10373
L6,1,11,10374
L6,1,12,10375
L6,1,13,10376
L6,1,14,10002
L6,1,15,10003
L6,1,16,10033
L6,1,17,10018
L6,1,18,10005
L6,1,19,10006
L6,1,20,10948
L6,1,21,10949
L6,1,22,10950
L6,1,23,10951
L6,1,24,10952
L6,1,25,11646
L6,1,26,11647
L6,1,27,11648
L6,1,28,11649
L6,1,29,11650
L6,1,30,11651
L6,1,31,10188
L6,1,32,10048
L6,1,33,10049
L6,2,0,10050
L6,2,1,10051
L6,2,2,10052
L6,2,3,11652
L6,2,4,11653
L6,2,5,11654
L6,2,6,11655
L6,2,7,11656
L6,2,8,11657
L6,2,9,10984
L6,2,10,10985
L6,2,11,10986
L6,2,12,10987
L6,2,13,10988
L6,2,14,10028
L6,2,15,10029
L6,2,16,10066
L6,2,17,10031
L6,2,18,10032
L6,2,19,10381
L6,2,20,10382
L6,2,21,10383
L6,2,22,10384
L6,2,23,10385
L6,2,24,10386
L6,2,25,10387
L6,2,26,10388
L6,2,27,10389
L6,2,28,10390
L6,2,29,10391
L6,2,30,10363
L66,1,0,10001
L66,1,1,10002
L66,1,2,10003
L66,1,3,10033
L66,1,4,10018
L66,1,5,10034
L66,1,6,10035
L66,1,7,10036
L66,1,8,10037
L66,1,9,10038
L66,1,10,10039
L66,1,11,10040
L66,1,12,11658
L66,1,13,11659
L66,1,14,10191
L66,1,15,10192
L66,1,16,10193
L66,1,17,10194
L66,1,18,11660
L66,1,19,11661
L66,1,20,11662
L66,1,21,11663
L66,1,22,11664
L66,1,23,11665
L66,2,0,11666
L66,2,1,11667
L66,2,2,11668
L66,2,3,11669
L66,2,4,11670
L66,2,5,10209
L66,2,6,10210
L66,2,7,10211
L66,2,8,10212
L66,2,9,11671
L66,2,10,11672
L66,2,11,10059
L66,2,12,10060
L66,2,13,10061
L66,2,14,10062
L66,2,15,10063
L66,2,16,10064
L66,2,17,10065
L66,2,18,10066
L66,2,19,10031
L66,2,20,10032
L66,2,21,10001
L7,1,0,11673
L7,1,1,10369
L7,1,2,11674
L7,1,3,11675
L7,1,4,10390
L7,1,5,10391
L7,1,6,11676
L7,1,7,10862
L7,1,8,11677
L7,1,9,11678
L7,1,10,11679
L7,1,11,11680
L7,1,12,11681
L7,1,13,11682
L7,1,14,11342
L7,1,15,11343
L7,1,16,11344
L7,1,17,11345
L7,1,18,10314
L7,1,19,10315
L7,1,20,10316
L7,1,21,10163
L7,1,22,10164
L7,1,23,10165
L7,1,24,10166
L7,1,25,10167
L7,1,26,10168
L7,1,27,10144
L7,1,28,10145
L7,1,29,10146
L7,1,30,10169
L7,1,31,10170
L7,1,32,10171
L7,1,33,11683
L7,1,34,11684
L7,1,35,11685
L7,2,0,11686
L7,2,1,11687
L7,2,2,11688
L7,2,3,11689
L7,2,4,10172
L7,2,5,10173
L7,2,6,10109
L7,2,7,10110
L7,2,8,10111
L7,2,9,10174
L7,2,10,10175
L7,2,11,10176
L7,2,12,10177
L7,2,13,10317
L7,2,14,10318
L7,2,15,10319
L7,2,16,11328
L7,2,17,11329
L7,2,18,11330
L7,2,19,11331
L7,2,20,11690
L7,2,21,11691
L7,2,22,11692
L7,2,23,11693
L7,2,24,11694
L7,2,25,11695
L7,2,26,10364
L7,2,27,10365
L7,2,28,10366
L7,2,29,11696
L7,2,30,11697
L7,2,31,11698
L7,2,32,10388
L7,2,33,11673
L9,1,0,10050
L9,1,1,10051
L9,1,2,10052
L9,1,3,11652
L9,1,4,11653
L9,1,5,11654
L9,1,6,11655
L9,1,7,11656
L9,1,8,10399
L9,1,9,10058
L9,1,10,10059
L9,1,11,10060
L9,1,12,10061
L9,1,13,10062
L9,1,14,10063
L9,1,15,10064
L9,1,16,10065
L9,1,17,10018
L9,1,18,10311
L9,1,19,10312
L9,1,20,10313
L9,1,21,11328
L9,1,22,11329
L9,1,23,11330
L9,1,24,11331
L9,1,25,11690
L9,1,26,11691
L9,1,27,11692
L9,1,28,11693
L9,1,29,11694
L9,1,30,11695
L9,1,31,10364
L9,1,32,10365
L9,1,33,10366
L9,1,34,10367
L9,1,35,10368
L9,1,36,11699
L9,1,37,11700
L9,1,38,11701
L9,2,0,11701
L9,2,1,11702
L9,2,2,11703
L9,2,3,10388
L9,2,4,10389
L9,2,5,10390
L9,2,6,10391
L9,2,7,11676
L9,2,8,10862
L9,2,9,11677
L9,2,10,11678
L9,2,11,11679
L9,2,12,11680
L9,2,13,11681
L9,2,14,11682
L9,2,15,11342
L9,2,16,11343
L9,2,17,11344
L9,2,18,11345
L9,2,19,10320
L9,2,20,10321
L9,2,21,10322
L9,2,22,10180
L9,2,23,10034
L9,2,24,10035
L9,2,25,10036
L9,2,26,10037
L9,2,27,10038
L9,2,28,10039
L9,2,29,10040
L9,2,30,10041
L9,2,31,10398
L9,2,32,11647
L9,2,33,11648
L9,2,34,11649
L9,2,35,11650
L9,2,36,11651
L9,2,37,10188
L9,2,38,10048
L9,2,39,10049
251,1,0,10506
251,1,1,10381
251,1,2,10382
251,1,3,10383
251,1,4,10543
251,1,5,10544
251,1,6,10545
251,1,7,10546
251,1,8,10547
251,1,9,10548
251,1,10,10549
251,1,11,10550
251,1,12,10551
251,1,13,10552
251,1,14,10553
251,1,15,10554
251,1,16,10555
251,1,17,10556
251,1,18,10557
251,1,19,10558
251,1,20,10559
251,1,21,10560
251,1,22,10561
251,1,23,10562
251,1,24,10563
251,1,25,10564
251,1,26,10565
251,1,27,10566
251,1,28,10567
251,1,29,10568
251,1,30,10569
251,1,31,11704
251,1,32,11705
251,1,33,11706
251,1,34,11707
251,2,0,11708
251,2,1,11709
251,2,2,11710
251,2,3,11711
251,2,4,10592
251,2,5,10593
251,2,6,10594
251,2,7,10595
251,2,8,10596
251,2,9,10597
251,2,10,10598
251,2,11,10599
251,2,12,10600
251,2,13,10601
251,2,14,10602
251,2,15,10603
251,2,16,10604
251,2,17,10605
251,2,18,10606
251,2,19,10607
251,2,20,10608
251,2,21,10609
251,2,22,10610
251,2,23,10611
251,2,24,10612
251,2,25,10613
251,2,26,10614
251,2,27,10615
251,2,28,10616
251,2,29,10617
251,2,30,10618
251,2,31,10373
251,2,32,10374
251,2,33,10375
251,2,34,10506
